Node node10001(10001, 37.5417063, 127.0784707);
node_list.push_back(node10001);
Node node10002(10002, 37.541717, 127.0784721);
node_list.push_back(node10002);
Node node10003(10003, 37.5417269, 127.0784736);
node_list.push_back(node10003);
Node node10004(10004, 37.5417366, 127.0784743);
node_list.push_back(node10004);
Node node10005(10005, 37.5417464, 127.0784761);
node_list.push_back(node10005);
Node node10006(10006, 37.5417562, 127.0784776);
node_list.push_back(node10006);
Node node10007(10007, 37.5417668, 127.0784791);
node_list.push_back(node10007);
Node node10008(10008, 37.5417773, 127.0784808);
node_list.push_back(node10008);
Node node10009(10009, 37.5417877, 127.0784825);
node_list.push_back(node10009);
Node node10010(10010, 37.5417979, 127.0784841);
node_list.push_back(node10010);
Node node10011(10011, 37.5418082, 127.0784856);
node_list.push_back(node10011);
Node node10012(10012, 37.5418181, 127.0784867);
node_list.push_back(node10012);
Node node10013(10013, 37.5418278, 127.0784879);
node_list.push_back(node10013);
Node node10014(10014, 37.5418377, 127.0784892);
node_list.push_back(node10014);
Node node10015(10015, 37.5418481, 127.0784905);
node_list.push_back(node10015);
Node node10016(10016, 37.5418587, 127.078492);
node_list.push_back(node10016);
Node node10017(10017, 37.5418688, 127.0784934);
node_list.push_back(node10017);
Node node10018(10018, 37.5418784, 127.0784947);
node_list.push_back(node10018);
Node node10019(10019, 37.5418884, 127.078496);
node_list.push_back(node10019);
Node node10020(10020, 37.5418985, 127.0784977);
node_list.push_back(node10020);
Node node10021(10021, 37.5419077, 127.0784991);
node_list.push_back(node10021);
Node node10022(10022, 37.5419174, 127.078501);
node_list.push_back(node10022);
Node node10023(10023, 37.5419274, 127.0785028);
node_list.push_back(node10023);
Node node10024(10024, 37.5419378, 127.0785044);
node_list.push_back(node10024);
Node node10025(10025, 37.5419481, 127.0785054);
node_list.push_back(node10025);
Node node10026(10026, 37.5419579, 127.0785063);
node_list.push_back(node10026);
Node node10027(10027, 37.5419677, 127.0785073);
node_list.push_back(node10027);
Node node10028(10028, 37.5419773, 127.078508);
node_list.push_back(node10028);
Node node10029(10029, 37.5419866, 127.0785095);
node_list.push_back(node10029);
Node node10030(10030, 37.5419963, 127.0785107);
node_list.push_back(node10030);
Node node10031(10031, 37.5420059, 127.0785127);
node_list.push_back(node10031);
Node node10032(10032, 37.5420155, 127.0785138);
node_list.push_back(node10032);
Node node10033(10033, 37.5420248, 127.0785153);
node_list.push_back(node10033);
Node node10034(10034, 37.5420342, 127.0785169);
node_list.push_back(node10034);
Node node10035(10035, 37.5420443, 127.0785185);
node_list.push_back(node10035);
Node node10036(10036, 37.5420533, 127.0785204);
node_list.push_back(node10036);
Node node10037(10037, 37.542063, 127.0785227);
node_list.push_back(node10037);
Node node10038(10038, 37.5420731, 127.0785239);
node_list.push_back(node10038);
Node node10039(10039, 37.542083, 127.0785249);
node_list.push_back(node10039);
Node node10040(10040, 37.5420926, 127.0785258);
node_list.push_back(node10040);
Node node10041(10041, 37.5421024, 127.0785269);
node_list.push_back(node10041);
Node node10042(10042, 37.5421118, 127.0785284);
node_list.push_back(node10042);
Node node10043(10043, 37.5421215, 127.0785298);
node_list.push_back(node10043);
Node node10044(10044, 37.5421311, 127.0785308);
node_list.push_back(node10044);
Node node10045(10045, 37.5421411, 127.0785318);
node_list.push_back(node10045);
Node node10046(10046, 37.5421506, 127.0785334);
node_list.push_back(node10046);
Node node10047(10047, 37.5421605, 127.0785349);
node_list.push_back(node10047);
Node node10048(10048, 37.5421699, 127.0785362);
node_list.push_back(node10048);
Node node10049(10049, 37.5421793, 127.0785377);
node_list.push_back(node10049);
Node node10050(10050, 37.5421885, 127.0785391);
node_list.push_back(node10050);
Node node10051(10051, 37.5421977, 127.0785406);
node_list.push_back(node10051);
Node node10052(10052, 37.542207, 127.0785415);
node_list.push_back(node10052);
Node node10053(10053, 37.5422158, 127.0785433);
node_list.push_back(node10053);
Node node10054(10054, 37.5422247, 127.0785447);
node_list.push_back(node10054);
Node node10055(10055, 37.542234, 127.0785459);
node_list.push_back(node10055);
Node node10056(10056, 37.5422438, 127.0785474);
node_list.push_back(node10056);
Node node10057(10057, 37.5422536, 127.0785487);
node_list.push_back(node10057);
Node node10058(10058, 37.5422633, 127.0785503);
node_list.push_back(node10058);
Node node10059(10059,37.54231962228,127.07856361427);
node_list.push_back(node10059);
Node node10060(10060,37.54231693787,127.07855607638);
node_list.push_back(node10060);
Node node10061(10061,37.54231009752,127.07855279417);
node_list.push_back(node10061);
Node node10062(10062,37.54230259258,127.0785516589);
node_list.push_back(node10062);
Node node10063(10063,37.54229432426,127.07855162945);
node_list.push_back(node10063);
Node node10064(10064,37.54228472673,127.07855156472);
node_list.push_back(node10064);
Node node10065(10065,37.54227479505,127.07855076472);
node_list.push_back(node10065);
Node node10066(10066,37.54232112189,127.07857399753);
node_list.push_back(node10066);
Node node10067(10067,37.54232196224,127.0785819171);
node_list.push_back(node10067);
Node node10068(10068,37.54232105017,127.0785915029);
node_list.push_back(node10068);
Node node10069(10069,37.54231968206,127.07860396444);
node_list.push_back(node10069);
Node node10070(10070,37.54231816194,127.07861642598);
node_list.push_back(node10070);
Node node10071(10071,37.54231724986,127.07862888752);
node_list.push_back(node10071);
Node node10072(10072,37.54231618578,127.0786405822);
node_list.push_back(node10072);
Node node10073(10073,37.5423152737,127.07865266031);
node_list.push_back(node10073);
Node node10074(10074,37.54231436163,127.07866416327);
node_list.push_back(node10074);
Node node10075(10075,37.54231344956,127.07867585794);
node_list.push_back(node10075);
Node node10076(10076,37.54231314553,127.07868755262);
node_list.push_back(node10076);
Node node10077(10077,37.54231208144,127.07869982244);
node_list.push_back(node10077);
Node node10078(10078,37.54231132138,127.07871266742);
node_list.push_back(node10078);
Node node10079(10079,37.54231071333,127.07872493724);
node_list.push_back(node10079);
Node node10080(10080,37.54230980126,127.07873720707);
node_list.push_back(node10080);
Node node10081(10081,37.5423090412,127.07874890174);
node_list.push_back(node10081);
Node node10082(10082,37.54230828114,127.07876136329);
node_list.push_back(node10082);
Node node10083(10083,37.54230721705,127.07877363311);
node_list.push_back(node10083);
Node node10084(10084,37.54230615296,127.07878475264);
node_list.push_back(node10084);
Node node10085(10085,37.54230524089,127.07879529702);
node_list.push_back(node10085);
Node node10086(10086,37.54230432882,127.07880679998);
node_list.push_back(node10086);
Node node10087(10087,37.54230356875,127.07881849466);
node_list.push_back(node10087);
Node node10088(10088,37.54230356875,127.07883057277);
node_list.push_back(node10088);
Node node10089(10089,37.54230280869,127.07884226744);
node_list.push_back(node10089);
Node node10090(10090,37.54230250467,127.0788549207);
node_list.push_back(node10090);
Node node10091(10091,37.54230113656,127.07886604023);
node_list.push_back(node10091);
Node node10092(10092,37.54230068052,127.07887754319);
node_list.push_back(node10092);
Node node10093(10093,37.54229961643,127.07888885444);
node_list.push_back(node10093);
Node node10094(10094,37.54229885637,127.07890074083);
node_list.push_back(node10094);
Node node10095(10095,37.54229809631,127.07891243551);
node_list.push_back(node10095);
Node node10096(10096,37.54229688021,127.07892374675);
node_list.push_back(node10096);
Node node10097(10097,37.54229627216,127.07893524971);
node_list.push_back(node10097);
Node node10098(10098,37.54229536009,127.07894598581);
node_list.push_back(node10098);
Node node10099(10099,37.542294296,127.0789590225);
node_list.push_back(node10099);
Node node10100(10100,37.54229368795,127.07897033374);
node_list.push_back(node10100);
Node node10101(10101,37.54229277588,127.07898279528);
node_list.push_back(node10101);
Node node10102(10102,37.54229201582,127.07899429824);
node_list.push_back(node10102);
Node node10103(10103,37.54229110374,127.07900503434);
node_list.push_back(node10103);
Node node10104(10104,37.54228973563,127.07901749588);
node_list.push_back(node10104);
Node node10105(10105,37.54228882356,127.07902899884);
node_list.push_back(node10105);
Node node10106(10106,37.54228791148,127.0790405018);
node_list.push_back(node10106);
Node node10107(10107,37.54228699941,127.07905277163);
node_list.push_back(node10107);
Node node10108(10108,37.54228578331,127.07906408287);
node_list.push_back(node10108);
Node node10109(10109,37.54228471922,127.07907616098);
node_list.push_back(node10109);
Node node10110(10110,37.54228350312,127.07908823909);
node_list.push_back(node10110);
Node node10111(10111,37.54228259105,127.07909935862);
node_list.push_back(node10111);
Node node10112(10112,37.54228137495,127.07911086158);
node_list.push_back(node10112);
Node node10113(10113,37.54228061489,127.07912198111);
node_list.push_back(node10113);
Node node10114(10114,37.54228000684,127.07913233377);
node_list.push_back(node10114);
Node node10115(10115,37.54227818269,127.07914441188);
node_list.push_back(node10115);
Node node10116(10116,37.54227681458,127.0791553397);
node_list.push_back(node10116);
Node node10117(10117,37.54227575049,127.07916722609);
node_list.push_back(node10117);
Node node10118(10118,37.54227483842,127.07917777047);
node_list.push_back(node10118);
Node node10119(10119,37.54227423037,127.0791877397);
node_list.push_back(node10119);
Node node10120(10120,37.54227347031,127.07920000953);
node_list.push_back(node10120);
Node node10121(10121,37.54227179817,127.07921189592);
node_list.push_back(node10121);
Node node10122(10122,37.54227134213,127.07922282373);
node_list.push_back(node10122);
Node node10123(10123,37.54227043006,127.07923375155);
node_list.push_back(node10123);
Node node10124(10124,37.54226951799,127.07924506279);
node_list.push_back(node10124);
Node node10125(10125,37.5422684539,127.0792571409);
node_list.push_back(node10125);
Node node10126(10126,37.54226738981,127.07926768528);
node_list.push_back(node10126);
Node node10127(10127,37.54226571768,127.07927803795);
node_list.push_back(node10127);
Node node10128(10128,37.54226404554,127.07928973262);
node_list.push_back(node10128);
Node node10129(10129,37.54226267743,127.0793014273);
node_list.push_back(node10129);
Node node10130(10130,37.54226206938,127.07931293026);
node_list.push_back(node10130);
Node node10131(10131,37.54226130932,127.07932309121);
node_list.push_back(node10131);
Node node10132(10132,37.54226054925,127.07933382731);
node_list.push_back(node10132);
Node node10133(10133,37.54226009322,127.07934302967);
node_list.push_back(node10133);
Node node10134(10134,37.54225918114,127.07935376577);
node_list.push_back(node10134);
Node node10135(10135,37.54225842108,127.07936315986);
node_list.push_back(node10135);
Node node10136(10136,37.54225796504,127.07937236222);
node_list.push_back(node10136);
Node node10137(10137,37.54225781303,127.07938252317);
node_list.push_back(node10137);
Node node10138(10138,37.54225796504,127.07939191726);
node_list.push_back(node10138);
Node node20001(20001,37.54170600605,127.07846305297);
node_list.push_back(node20001);
Node node20002(20002,37.54171725505,127.0784645867);
node_list.push_back(node20002);
Node node20003(20003,37.54172820002,127.07846612043);
node_list.push_back(node20003);
Node node20004(20004,37.54173823291,127.07846803759);
node_list.push_back(node20004);
Node node20005(20005,37.5417482658,127.07846918789);
node_list.push_back(node20005);
Node node20006(20006,37.54175890674,127.07847148848);
node_list.push_back(node20006);
Node node20007(20007,37.54176985171,127.07847263878);
node_list.push_back(node20007);
Node node20008(20008,37.54178049265,127.0784741725);
node_list.push_back(node20008);
Node node20009(20009,37.54179052553,127.07847608966);
node_list.push_back(node20009);
Node node20010(20010,37.54180177452,127.07847800682);
node_list.push_back(node20010);
Node node20011(20011,37.54181150338,127.07847915712);
node_list.push_back(node20011);
Node node20012(20012,37.54182214431,127.07848030742);
node_list.push_back(node20012);
Node node20013(20013,37.54183096108,127.07848184114);
node_list.push_back(node20013);
Node node20014(20014,37.54184251409,127.0784837583);
node_list.push_back(node20014);
Node node20015(20015,37.54185224294,127.0784849086);
node_list.push_back(node20015);
Node node20016(20016,37.54186227581,127.07848682576);
node_list.push_back(node20016);
Node node20017(20017,37.54187230868,127.07848835949);
node_list.push_back(node20017);
Node node20018(20018,37.54188294961,127.07848950978);
node_list.push_back(node20018);
Node node20019(20019,37.54189267845,127.07849142694);
node_list.push_back(node20019);
Node node20020(20020,37.54190271132,127.07849296067);
node_list.push_back(node20020);
Node node20021(20021,37.54191122405,127.0784944944);
node_list.push_back(node20021);
Node node20022(20022,37.54192156095,127.0784956447);
node_list.push_back(node20022);
Node node20023(20023,37.54193220186,127.07849832872);
node_list.push_back(node20023);
Node node20024(20024,37.54194223473,127.07849947902);
node_list.push_back(node20024);
Node node20025(20025,37.54195348369,127.07850062931);
node_list.push_back(node20025);
Node node20026(20026,37.54196230045,127.07850101275);
node_list.push_back(node20026);
Node node20027(20027,37.5419699011,127.07850254647);
node_list.push_back(node20027);
Node node20028(20028,37.54198054201,127.07850369677);
node_list.push_back(node20028);
Node node20029(20029,37.54199087889,127.07850446363);
node_list.push_back(node20029);
Node node20030(20030,37.54200091175,127.07850561393);
node_list.push_back(node20030);
Node node20031(20031,37.5420097285,127.07850753109);
node_list.push_back(node20031);
Node node20032(20032,37.54201884927,127.07850906482);
node_list.push_back(node20032);
Node node20033(20033,37.54202797005,127.07851059855);
node_list.push_back(node20033);
Node node20034(20034,37.54203861095,127.07851251571);
node_list.push_back(node20034);
Node node20035(20035,37.54204894782,127.07851404943);
node_list.push_back(node20035);
Node node20036(20036,37.54205746054,127.07851558316);
node_list.push_back(node20036);
Node node20037(20037,37.54206749339,127.07851788376);
node_list.push_back(node20037);
Node node20038(20038,37.54207813428,127.07851941748);
node_list.push_back(node20038);
Node node20039(20039,37.542086647,127.07852056778);
node_list.push_back(node20039);
Node node20040(20040,37.54209637582,127.07852056778);
node_list.push_back(node20040);
Node node20041(20041,37.54210549658,127.07852210151);
node_list.push_back(node20041);
Node node20042(20042,37.54211613747,127.07852363524);
node_list.push_back(node20042);
Node node20043(20043,37.54212495421,127.07852478553);
node_list.push_back(node20043);
Node node20044(20044,37.54213346692,127.07852516896);
node_list.push_back(node20044);
Node node20055(20045,37.54214319573,127.07852631926);
node_list.push_back(node20055);
Node node20056(20046,37.54215322856,127.07852746956);
node_list.push_back(node20056);
Node node20057(20047,37.54216478152,127.07852977015);
node_list.push_back(node20057);
Node node20058(20048,37.54217329423,127.07853130388);
node_list.push_back(node20058);
Node node20059(20049,37.54218332706,127.07853322104);
node_list.push_back(node20059);
Node node20060(20050,37.54219305586,127.07853360447);
node_list.push_back(node20060);
Node node20061(20051,37.54220096051,127.07853475476);
node_list.push_back(node20061);
Node node20062(20052,37.54221068932,127.07853743879);
node_list.push_back(node20062);
Node node20063(20053,37.54221981007,127.07853820565);
node_list.push_back(node20063);
Node node20064(20054,37.54222741069,127.07853897252);
node_list.push_back(node20064);
Node node20065(20055,37.54223805156,127.07854050624);
node_list.push_back(node20065);
Node node20066(20056,37.54224747634,127.0785424234);
node_list.push_back(node20066);
Node node20067(20057,37.54225690111,127.07854434057);
node_list.push_back(node20067);
Node node20068(20058,37.54226693393,127.07854434057);
node_list.push_back(node20068);
Node node20069(20059,37.54227818284,127.07854549086);
node_list.push_back(node20069);
Node node20070(20060,37.54228897557,127.07854702478);
node_list.push_back(node20070);
Node node20071(20061,37.5422979443,127.07854625792);
node_list.push_back(node20071);
Node node20072(20062,37.54230736906,127.0785472165);
node_list.push_back(node20072);
Node node20073(20063,37.54231375358,127.07854817508);
node_list.push_back(node20073);
Node node20074(20064,37.54232044212,127.07855143425);
node_list.push_back(node20074);
Node node20075(20065,37.54232333035,127.07855929461);
node_list.push_back(node20075);
Node node20076(20066,37.54232454645,127.07856888041);
node_list.push_back(node20076);
Node node20077(20067,37.54232576255,127.07857616562);
node_list.push_back(node20077);
Node node20078(20068,37.54232485048,127.07858613485);
node_list.push_back(node20078);
Node node20079(20069,37.54232325427,127.0785987882);
node_list.push_back(node20079);
Node node20080(20070,37.54232211418,127.07861144146);
node_list.push_back(node20080);
Node node20081(20071,37.54232105009,127.07862380714);
node_list.push_back(node20081);
Node node20082(20072,37.54231998601,127.07863588525);
node_list.push_back(node20082);
Node node20083(20073,37.54231899793,127.07864777164);
node_list.push_back(node20083);
Node node20084(20074,37.54231816186,127.07865869946);
node_list.push_back(node20084);
Node node20085(20075,37.54231717378,127.07867058585);
node_list.push_back(node20085);
Node node20086(20076,37.54231694576,127.07868228053);
node_list.push_back(node20086);
Node node20087(20077,37.54231580567,127.07869483792);
node_list.push_back(node20087);
Node node20088(20078,37.5423149696,127.0787076829);
node_list.push_back(node20088);
Node node20089(20079,37.54231466558,127.07872014444);
node_list.push_back(node20089);
Node node20090(20080,37.54231352549,127.07873135982);
node_list.push_back(node20090);
Node node20091(20081,37.54231299344,127.07874401308);
node_list.push_back(node20091);
Node node20092(20082,37.54231192936,127.07875666634);
node_list.push_back(node20092);
Node node20093(20083,37.54231101728,127.07876874445);
node_list.push_back(node20093);
Node node20094(20084,37.5423099532,127.07878005569);
node_list.push_back(node20094);
Node node20095(20085,37.54230911713,127.07879050422);
node_list.push_back(node20095);
Node node20096(20086,37.54230805304,127.07880200718);
node_list.push_back(node20096);
Node node20097(20087,37.54230729298,127.07881418114);
node_list.push_back(node20097);
Node node20098(20088,37.54230714097,127.07882597168);
node_list.push_back(node20098);
Node node20099(20089,37.54230653292,127.07883776221);
node_list.push_back(node20099);
Node node20100(20090,37.54230600088,127.07884974446);
node_list.push_back(node20100);
Node node20101(20091,37.54230516481,127.07886124742);
node_list.push_back(node20101);
Node node20102(20092,37.54230448075,127.07887275039);
node_list.push_back(node20102);
Node node20103(20093,37.54230349267,127.07888406163);
node_list.push_back(node20103);
Node node20104(20094,37.54230280862,127.07889585217);
node_list.push_back(node20104);
Node node20105(20095,37.54230189654,127.07890754684);
node_list.push_back(node20105);
Node node30001(30001,37.54170634781,127.07847685686);
node_list.push_back(node30001);
Node node30002(30002,37.54171721678,127.07847771959);
node_list.push_back(node30002);
Node node30003(30003,37.54172705966,127.07847853438);
node_list.push_back(node30003);
Node node30004(30004,37.54173694053,127.07847930124);
node_list.push_back(node30004);
Node node30005(30005,37.54174651738,127.07848073911);
node_list.push_back(node30005);
Node node30006(30006,37.54175605623,127.07848212905);
node_list.push_back(node30006);
Node node30007(30007,37.54176692519,127.07848361485);
node_list.push_back(node30007);
Node node30008(30008,37.54177798416,127.07848577166);
node_list.push_back(node30008);
Node node30009(30009,37.54178908114,127.07848730539);
node_list.push_back(node30009);
Node node30010(30010,37.54180044414,127.07848826397);
node_list.push_back(node30010);
Node node30011(30011,37.5418113511,127.07848946219);
node_list.push_back(node30011);
Node node30012(30012,37.54182107995,127.07849099592);
node_list.push_back(node30012);
Node node30013(30013,37.5418308088,127.07849219414);
node_list.push_back(node30013);
Node node30014(30014,37.54184163975,127.0784937758);
node_list.push_back(node30014);
Node node30015(30015,37.5418514446,127.07849459059);
node_list.push_back(node30015);
Node node30016(30016,37.54186200952,127.07849660361);
node_list.push_back(node30016);
Node node30017(30017,37.54187291647,127.07849780184);
node_list.push_back(node30017);
Node node30018(30018,37.54188218928,127.07849919178);
node_list.push_back(node30018);
Node node30019(30019,37.54189123406,127.07850101308);
node_list.push_back(node30019);
Node node30020(30020,37.54190191298,127.07850249888);
node_list.push_back(node30020);
Node node30021(30021,37.54191110978,127.07850369711);
node_list.push_back(node30021);
Node node30022(30022,37.54192099063,127.07850532669);
node_list.push_back(node30022);
Node node30023(30023,37.5419310995,127.07850657285);
node_list.push_back(node30023);
Node node30024(30024,37.5419415124,127.07850863379);
node_list.push_back(node30024);
Node node30025(30025,37.54195143125,127.07851002373);
node_list.push_back(node30025);
Node node30026(30026,37.54196199616,127.07851103024);
node_list.push_back(node30026);
Node node30027(30027,37.54197107893,127.07851136575);
node_list.push_back(node30027);
Node node30028(30028,37.54198107379,127.07851242018);
node_list.push_back(node30028);
Node node30029(30029,37.54199019457,127.07851357048);
node_list.push_back(node30029);
Node node30030(30030,37.54199950536,127.07851510421);
node_list.push_back(node30030);
Node node30031(30031,37.54200965222,127.07851673379);
node_list.push_back(node30031);
Node node30032(30032,37.54201945706,127.07851817166);
node_list.push_back(node30032);
Node node30033(30033,37.54202766575,127.07851893853);
node_list.push_back(node30033);
Node node30034(30034,37.54203815464,127.07852114326);
node_list.push_back(node30034);
Node node30035(30035,37.54204837751,127.078523348);
node_list.push_back(node30035);
Node node30036(30036,37.54205730826,127.07852507344);
node_list.push_back(node30036);
Node node30037(30037,37.54206680906,127.07852612788);
node_list.push_back(node30037);
Node node30038(30038,37.5420766899,127.07852828468);
node_list.push_back(node30038);
Node node30039(30039,37.54208573466,127.07852938705);
node_list.push_back(node30039);
Node node30040(30040,37.54209561549,127.07853039356);
node_list.push_back(node30040);
Node node30041(30041,37.54210591435,127.07853149593);
node_list.push_back(node30041);
Node node30042(30042,37.54211545315,127.07853226279);
node_list.push_back(node30042);
Node node30043(30043,37.54212499194,127.07853365273);
node_list.push_back(node30043);
Node node30044(30044,37.5421341127,127.07853446753);
node_list.push_back(node30044);
Node node30045(30045,37.54214346148,127.07853561782);
node_list.push_back(node30045);
Node node30046(30046,37.5421532283,127.07853719948);
node_list.push_back(node30046);
Node node30047(30047,37.54216269108,127.07853863735);
node_list.push_back(node30047);
Node node30048(30048,37.54217268591,127.07853997936);
node_list.push_back(node30048);
Node node30049(30049,37.54218275674,127.07854132137);
node_list.push_back(node30049);
Node node30050(30050,37.54219199151,127.07854271131);
node_list.push_back(node30050);
Node node30051(30051,37.54220099825,127.0785440054);
node_list.push_back(node30051);
Node node30052(30052,37.54221076506,127.07854577877);
node_list.push_back(node30052);
Node node30053(30053,37.54222011383,127.07854678528);
node_list.push_back(node30053);
Node node30054(30054,37.54222885454,127.07854841487);
node_list.push_back(node30054);
Node node30055(30055,37.54223827932,127.07854903794);
node_list.push_back(node30055);
Node node30056(30056,37.5422478941,127.07855157818);
node_list.push_back(node30056);
Node node30057(30057,37.54225720487,127.07855258469);
node_list.push_back(node30057);
Node node30058(30058,37.5422674277,127.07855459771);
node_list.push_back(node30058);
Node node30059(30059,37.54227818258,127.07855488528);
node_list.push_back(node30059);
Node node30060(30060,37.54228772135,127.07855498114);
node_list.push_back(node30060);
Node node30061(30061,37.5422969561,127.07855632315);
node_list.push_back(node30061);
Node node30062(30062,37.54230577282,127.07855632315);
node_list.push_back(node30062);
Node node30063(30063,37.54231143528,127.07855795274);
node_list.push_back(node30063);
Node node30064(30064,37.54231493156,127.0785620267);
node_list.push_back(node30064);
Node node30065(30065,37.5423178958,127.07857142079);
node_list.push_back(node30065);
Node node30066(30066,37.54231922591,127.07857693262);
node_list.push_back(node30066);
Node node30067(30067,37.54231994797,127.07858282789);
node_list.push_back(node30067);
Node node30068(30068,37.54231960594,127.0785901131);
node_list.push_back(node30068);
Node node30069(30069,37.54231873187,127.07859864446);
node_list.push_back(node30069);
Node node30070(30070,37.54231819983,127.07860492316);
node_list.push_back(node30070);
Node node30071(30071,37.54231705973,127.07861450896);
node_list.push_back(node30071);
Node node30072(30072,37.5423154256,127.07862869595);
node_list.push_back(node30072);
Node node30073(30073,37.54231508357,127.07863674802);
node_list.push_back(node30073);
Node node30074(30074,37.54231318342,127.07864825098);
node_list.push_back(node30074);
Node node30075(30075,37.54231246136,127.07865841193);
node_list.push_back(node30075);
Node node30076(30076,37.54231185331,127.07866871667);
node_list.push_back(node30076);
Node node30077(30077,37.54231158729,127.07868151371);
node_list.push_back(node30077);
Node node30078(30078,37.54231090324,127.07869440661);
node_list.push_back(node30078);
Node node30079(30079,37.54231002916,127.07870792259);
node_list.push_back(node30079);
Node node30080(30080,37.5423092311,127.07872081549);
node_list.push_back(node30080);
Node node30081(30081,37.54230854704,127.0787328936);
node_list.push_back(node30081);
Node node30082(30082,37.54230786299,127.07874463621);
node_list.push_back(node30082);
Node node30083(30083,37.54230733095,127.0787576729);
node_list.push_back(node30083);
Node node30084(30084,37.54230622886,127.07876912793);
node_list.push_back(node30084);
Node node30085(30085,37.54230516477,127.07877991195);
node_list.push_back(node30085);
Node node30086(30086,37.54230379666,127.07879131906);
node_list.push_back(node30086);
Node node30087(30087,37.54230273257,127.07880234273);
node_list.push_back(node30087);
Node node30088(30088,37.54230227654,127.07881398948);
node_list.push_back(node30088);
Node node30089(30089,37.54230174449,127.07882616344);
node_list.push_back(node30089);
Node node30090(30090,37.54230128846,127.07883771433);
node_list.push_back(node30090);
Node node30091(30091,37.5423006424,127.07885065516);
node_list.push_back(node30091);
Node node30092(30092,37.54230007236,127.07886115161);
node_list.push_back(node30092);
Node node30093(30093,37.54229927429,127.0788727025);
node_list.push_back(node30093);
Node node30094(30094,37.54229881826,127.07888363032);
node_list.push_back(node30094);
Node node30095(30095,37.54229779217,127.07889590014);
node_list.push_back(node30095);
Node node30096(30096,37.54229710812,127.07890788239);
node_list.push_back(node30096);
Node node30097(30097,37.54229657607,127.07891857056);
node_list.push_back(node30097);
Node node30098(30098,37.54229554999,127.07893031317);
node_list.push_back(node30098);
Node node30099(30099,37.54229421988,127.07894306228);
node_list.push_back(node30099);
Node node30100(30100,37.5422931938,127.07895518832);
node_list.push_back(node30100);
Node node30101(30101,37.54229235773,127.07896621199);
node_list.push_back(node30101);
Node node30102(30102,37.54229155967,127.07897987176);
node_list.push_back(node30102);
Node node30103(30103,37.5422907236,127.07899147058);
node_list.push_back(node30103);
Node node30104(30104,37.54228969751,127.07900153567);
node_list.push_back(node30104);
Node node30105(30105,37.54228855742,127.07901193626);
node_list.push_back(node30105);
Node node30106(30106,37.54228730332,127.07902530845);
node_list.push_back(node30106);
Node node30107(30107,37.54228650525,127.07903834514);
node_list.push_back(node30107);
Node node30108(30108,37.54228544117,127.07905023153);
node_list.push_back(node30108);
Node node30109(30109,37.54228441508,127.07906250136);
node_list.push_back(node30109);
Node node30110(30110,37.54228346501,127.07907448361);
node_list.push_back(node30110);
Node node30111(30111,37.54228255293,127.07908637);
node_list.push_back(node30111);
Node node30112(30112,37.5422809188,127.07909854397);
node_list.push_back(node30112);
Node node30113(30113,37.54227947468,127.07911086172);
node_list.push_back(node30113);
Node node30114(30114,37.54227920866,127.07912015995);
node_list.push_back(node30114);
Node node30115(30115,37.5422784866,127.07913132741);
node_list.push_back(node30115);
Node node30116(30116,37.54227681447,127.07914412445);
node_list.push_back(node30116);
Node node30117(30117,37.54227506632,127.07915538777);
node_list.push_back(node30117);
Node node30118(30118,37.54227449628,127.07916607594);
node_list.push_back(node30118);
Node node30119(30119,37.54227324218,127.07917810612);
node_list.push_back(node30119);
Node node30120(30120,37.54227225409,127.07918869843);
node_list.push_back(node30120);
Node node30121(30121,37.54227160804,127.07920048896);
node_list.push_back(node30121);
Node node30122(30122,37.54227023993,127.07921184813);
node_list.push_back(node30122);
Node node30123(30123,37.5422701449,127.07922296769);
node_list.push_back(node30123);
Node node30124(30124,37.54226949885,127.07923418307);
node_list.push_back(node30124);
Node node30125(30125,37.5422688718,127.07924513485);
node_list.push_back(node30125);
Node node30126(30126,37.54226784572,127.07925740468);
node_list.push_back(node30126);
Node node30127(30127,37.54226670562,127.07926866799);
node_list.push_back(node30127);
Node node30128(30128,37.54226471046,127.07927935616);
node_list.push_back(node30128);
Node node30129(30129,37.54226320934,127.0792903319);
node_list.push_back(node30129);
Node node30130(30130,37.54226170822,127.0793014754);
node_list.push_back(node30130);
Node node30131(30131,37.54226146119,127.07931319404);
node_list.push_back(node30131);
Node node30132(30132,37.54226066313,127.07932330706);
node_list.push_back(node30132);
Node node30133(30133,37.54225975106,127.07933418694);
node_list.push_back(node30133);
Node node30134(30134,37.54225935202,127.07934322156);
node_list.push_back(node30134);
Node node30135(30135,37.54225838294,127.07935417334);
node_list.push_back(node30135);
Node node30136(30136,37.54225767989,127.07936363931);
node_list.push_back(node30136);
Node node30137(30137,37.54225709084,127.07937274582);
node_list.push_back(node30137);
Node node30138(30138,37.54225690082,127.07938285884); 
node_list.push_back(node30138);
Node node30139(30139,37.54225691982,127.07939222896);
node_list.push_back(node30139);
